Path,Filename
C:/Users/mikeha/Work/Madingley/madingley-ecosystem-model/Madingley/input/ModelStates/,ModelState_119990
C:/Users/mikeha/Work/Madingley/madingley-ecosystem-model/Madingley/input/ModelStates/,ModelState_119991
C:/Users/mikeha/Work/Madingley/madingley-ecosystem-model/Madingley/input/ModelStates/,ModelState_119992
C:/Users/mikeha/Work/Madingley/madingley-ecosystem-model/Madingley/input/ModelStates/,ModelState_119993
C:/Users/mikeha/Work/Madingley/madingley-ecosystem-model/Madingley/input/ModelStates/,ModelState_119994
C:/Users/mikeha/Work/Madingley/madingley-ecosystem-model/Madingley/input/ModelStates/,ModelState_119995
C:/Users/mikeha/Work/Madingley/madingley-ecosystem-model/Madingley/input/ModelStates/,ModelState_119996
C:/Users/mikeha/Work/Madingley/madingley-ecosystem-model/Madingley/input/ModelStates/,ModelState_119997
C:/Users/mikeha/Work/Madingley/madingley-ecosystem-model/Madingley/input/ModelStates/,ModelState_119998
C:/Users/mikeha/Work/Madingley/madingley-ecosystem-model/Madingley/input/ModelStates/,ModelState_119999
